Original Mnemonic,Reordered Mnemonic,Strategy
argue charge mountain foam lumber capital frost juice grant initial guilt chest either forward because memory miracle bright,charge mountain lumber frost capital capital chest argue juice grant foam initial guilt chest either forward because memory,Collision-aware ksmhse→rfdfuesa
argue charge capital foam mountain lumber frost juice grant initial guilt chest either forward memory miracle because bright,charge capital mountain frost lumber lumber chest argue juice grant foam initial guilt chest either forward memory miracle,Collision-aware ksmhse→rfdfuesa
argue charge mountain foam lumber capital frost initial guilt grant juice chest either forward memory miracle because bright,charge mountain lumber frost capital capital chest argue initial guilt foam grant juice chest either forward memory miracle,Collision-aware ksmhse→rfdfuesa
argue charge mountain foam lumber capital frost guilt initial grant juice chest either forward memory miracle because bright,charge mountain lumber frost capital capital chest argue guilt initial foam grant juice chest either forward memory miracle,Collision-aware ksmhse→rfdfuesa
argue charge mountain foam lumber capital frost juice grant either initial guilt chest forward memory miracle because bright,charge mountain lumber frost capital capital guilt argue juice grant foam either initial guilt chest forward memory miracle,Collision-aware ksmhse→rfdfuesa
argue charge mountain foam lumber capital frost juice grant either guilt initial chest forward memory miracle because bright,charge mountain lumber frost capital capital initial argue juice grant foam either guilt initial chest forward memory miracle,Collision-aware ksmhse→rfdfuesa
argue charge mountain foam lumber capital frost juice grant initial guilt forward memory either chest miracle because bright,charge mountain lumber frost capital capital forward argue juice grant foam initial guilt forward memory either chest miracle,Collision-aware ksmhse→rfdfuesa
argue charge mountain foam lumber capital frost juice grant initial guilt chest either forward because memory miracle bright,charge mountain lumber frost capital capital chest argue juice grant foam initial guilt chest either forward because memory,Collision-aware ksmhse→rfdfuesa
argue charge mountain foam lumber capital frost juice grant initial guilt chest either forward because memory miracle bright,charge mountain lumber frost capital capital chest argue juice grant foam initial guilt chest either forward because memory,Collision-aware ksmhse→rfdfuesa
lumber mountain foam argue charge capital frost juice grant initial guilt chest either forward memory miracle because bright,mountain foam charge frost capital capital chest lumber juice grant argue initial guilt chest either forward memory miracle,Collision-aware ksmhse→rfdfuesa
lumber foam mountain charge argue capital frost juice grant initial guilt chest either forward memory miracle because bright,foam mountain argue frost capital capital chest lumber juice grant charge initial guilt chest either forward memory miracle,Collision-aware ksmhse→rfdfuesa
argue charge capital foam mountain lumber frost juice grant initial guilt chest either forward memory miracle because bright,charge capital mountain frost lumber lumber chest argue juice grant foam initial guilt chest either forward memory miracle,Collision-aware ksmhse→rfdfuesa
argue capital foam charge mountain lumber frost juice grant initial guilt chest either forward memory miracle because bright,capital foam mountain frost lumber lumber chest argue juice grant charge initial guilt chest either forward memory miracle,Collision-aware ksmhse→rfdfuesa
argue charge lumber foam capital frost mountain juice grant initial guilt chest either forward memory miracle because bright,charge lumber capital mountain frost frost chest argue juice grant foam initial guilt chest either forward memory miracle,Collision-aware ksmhse→rfdfuesa
argue charge capital foam mountain lumber frost juice grant initial guilt chest either forward memory miracle because bright,charge capital mountain frost lumber lumber chest argue juice grant foam initial guilt chest either forward memory miracle,Collision-aware ksmhse→rfdfuesa
argue charge capital frost mountain foam lumber juice grant initial guilt chest either forward memory miracle because bright,charge capital mountain lumber foam foam chest argue juice grant frost initial guilt chest either forward memory miracle,Collision-aware ksmhse→rfdfuesa
argue charge capital frost foam mountain lumber juice grant initial guilt chest either forward memory miracle because bright,charge capital foam lumber mountain mountain chest argue juice grant frost initial guilt chest either forward memory miracle,Collision-aware ksmhse→rfdfuesa
argue charge capital frost lumber foam mountain juice grant initial guilt chest either forward memory miracle because bright,charge capital lumber mountain foam foam chest argue juice grant frost initial guilt chest either forward memory miracle,Collision-aware ksmhse→rfdfuesa
argue charge mountain frost foam lumber juice capital grant initial guilt chest either forward memory miracle because bright,charge mountain foam juice lumber lumber chest argue capital grant frost initial guilt chest either forward memory miracle,Collision-aware ksmhse→rfdfuesa
argue charge mountain foam lumber capital frost initial guilt grant juice chest either forward memory miracle because bright,charge mountain lumber frost capital capital chest argue initial guilt foam grant juice chest either forward memory miracle,Collision-aware ksmhse→rfdfuesa
argue charge mountain foam lumber capital frost guilt initial grant juice chest either forward memory miracle because bright,charge mountain lumber frost capital capital chest argue guilt initial foam grant juice chest either forward memory miracle,Collision-aware ksmhse→rfdfuesa
argue charge mountain foam lumber capital juice initial guilt frost grant chest either forward memory miracle because bright,charge mountain lumber juice capital capital chest argue initial guilt foam frost grant chest either forward memory miracle,Collision-aware ksmhse→rfdfuesa
argue charge mountain foam lumber capital initial frost grant guilt juice chest either forward memory miracle because bright,charge mountain lumber initial capital capital chest argue frost grant foam guilt juice chest either forward memory miracle,Collision-aware ksmhse→rfdfuesa
argue charge mountain foam lumber capital frost grant juice chest initial guilt either forward memory miracle because bright,charge mountain lumber frost capital capital guilt argue grant juice foam chest initial guilt either forward memory miracle,Collision-aware ksmhse→rfdfuesa
argue charge mountain foam lumber capital frost initial guilt grant juice chest either forward memory miracle because bright,charge mountain lumber frost capital capital chest argue initial guilt foam grant juice chest either forward memory miracle,Collision-aware ksmhse→rfdfuesa
argue charge mountain foam lumber capital frost guilt initial grant juice chest either forward memory miracle because bright,charge mountain lumber frost capital capital chest argue guilt initial foam grant juice chest either forward memory miracle,Collision-aware ksmhse→rfdfuesa
argue charge mountain foam lumber capital frost juice grant either initial guilt chest forward memory miracle because bright,charge mountain lumber frost capital capital guilt argue juice grant foam either initial guilt chest forward memory miracle,Collision-aware ksmhse→rfdfuesa
argue charge mountain foam lumber capital frost juice grant either guilt initial chest forward memory miracle because bright,charge mountain lumber frost capital capital initial argue juice grant foam either guilt initial chest forward memory miracle,Collision-aware ksmhse→rfdfuesa
argue charge mountain foam lumber capital frost juice grant either initial guilt chest forward memory miracle because bright,charge mountain lumber frost capital capital guilt argue juice grant foam either initial guilt chest forward memory miracle,Collision-aware ksmhse→rfdfuesa
argue charge mountain foam lumber capital frost juice grant either guilt initial chest forward memory miracle because bright,charge mountain lumber frost capital capital initial argue juice grant foam either guilt initial chest forward memory miracle,Collision-aware ksmhse→rfdfuesa
argue charge mountain foam lumber capital frost juice grant either guilt chest forward initial memory miracle because bright,charge mountain lumber frost capital capital chest argue juice grant foam either guilt chest forward initial memory miracle,Collision-aware ksmhse→rfdfuesa
argue charge mountain foam lumber capital frost juice grant initial guilt forward memory either chest miracle because bright,charge mountain lumber frost capital capital forward argue juice grant foam initial guilt forward memory either chest miracle,Collision-aware ksmhse→rfdfuesa
argue charge mountain foam lumber capital frost juice grant initial chest either memory forward guilt miracle because bright,charge mountain lumber frost capital capital either argue juice grant foam initial chest either memory forward guilt miracle,Collision-aware ksmhse→rfdfuesa
argue charge mountain foam lumber capital frost juice grant initial forward chest memory guilt either miracle because bright,charge mountain lumber frost capital capital chest argue juice grant foam initial forward chest memory guilt either miracle,Collision-aware ksmhse→rfdfuesa
argue charge mountain foam lumber capital frost juice grant initial guilt either miracle chest memory forward because bright,charge mountain lumber frost capital capital either argue juice grant foam initial guilt either miracle chest memory forward,Collision-aware ksmhse→rfdfuesa
argue charge mountain foam lumber capital frost juice grant initial guilt forward memory either chest miracle because bright,charge mountain lumber frost capital capital forward argue juice grant foam initial guilt forward memory either chest miracle,Collision-aware ksmhse→rfdfuesa
argue charge mountain foam lumber capital frost juice grant initial guilt miracle either memory forward chest because bright,charge mountain lumber frost capital capital miracle argue juice grant foam initial guilt miracle either memory forward chest,Collision-aware ksmhse→rfdfuesa
argue charge mountain foam lumber capital frost juice grant initial guilt chest either forward because memory miracle bright,charge mountain lumber frost capital capital chest argue juice grant foam initial guilt chest either forward because memory,Collision-aware ksmhse→rfdfuesa
argue charge mountain foam lumber capital frost juice grant initial guilt chest either forward because memory miracle bright,charge mountain lumber frost capital capital chest argue juice grant foam initial guilt chest either forward because memory,Collision-aware ksmhse→rfdfuesa
argue charge mountain foam lumber capital frost juice grant initial guilt chest either miracle forward memory bright because,charge mountain lumber frost capital capital chest argue juice grant foam initial guilt chest either miracle forward memory,Collision-aware ksmhse→rfdfuesa
argue charge mountain foam lumber capital frost juice grant initial guilt chest either because miracle memory bright forward,charge mountain lumber frost capital capital chest argue juice grant foam initial guilt chest either because miracle memory,Collision-aware ksmhse→rfdfuesa
argue charge mountain foam lumber capital frost juice grant initial guilt chest either forward because memory miracle bright,charge mountain lumber frost capital capital chest argue juice grant foam initial guilt chest either forward because memory,Collision-aware ksmhse→rfdfuesa
argue charge capital foam mountain lumber frost juice grant initial guilt chest either forward memory miracle because bright,charge capital mountain frost lumber lumber chest argue juice grant foam initial guilt chest either forward memory miracle,Collision-aware ksmhse→rfdfuesa
argue charge mountain foam lumber capital frost initial guilt grant juice chest either forward memory miracle because bright,charge mountain lumber frost capital capital chest argue initial guilt foam grant juice chest either forward memory miracle,Collision-aware ksmhse→rfdfuesa
argue charge mountain foam lumber capital frost guilt initial grant juice chest either forward memory miracle because bright,charge mountain lumber frost capital capital chest argue guilt initial foam grant juice chest either forward memory miracle,Collision-aware ksmhse→rfdfuesa
argue charge mountain foam lumber capital frost juice grant either initial guilt chest forward memory miracle because bright,charge mountain lumber frost capital capital guilt argue juice grant foam either initial guilt chest forward memory miracle,Collision-aware ksmhse→rfdfuesa
argue charge mountain foam lumber capital frost juice grant either guilt initial chest forward memory miracle because bright,charge mountain lumber frost capital capital initial argue juice grant foam either guilt initial chest forward memory miracle,Collision-aware ksmhse→rfdfuesa
argue charge mountain foam lumber capital frost juice grant initial guilt forward memory either chest miracle because bright,charge mountain lumber frost capital capital forward argue juice grant foam initial guilt forward memory either chest miracle,Collision-aware ksmhse→rfdfuesa
argue charge mountain foam lumber capital frost juice grant initial guilt chest either forward because memory miracle bright,charge mountain lumber frost capital capital chest argue juice grant foam initial guilt chest either forward because memory,Collision-aware ksmhse→rfdfuesa
argue charge mountain foam lumber capital frost juice grant initial guilt chest either forward because memory miracle bright,charge mountain lumber frost capital capital chest argue juice grant foam initial guilt chest either forward because memory,Collision-aware ksmhse→rfdfuesa
lumber mountain foam argue charge capital frost juice grant initial guilt chest either forward memory miracle because bright,mountain foam charge frost capital capital chest lumber juice grant argue initial guilt chest either forward memory miracle,Collision-aware ksmhse→rfdfuesa
lumber foam mountain charge argue capital frost juice grant initial guilt chest either forward memory miracle because bright,foam mountain argue frost capital capital chest lumber juice grant charge initial guilt chest either forward memory miracle,Collision-aware ksmhse→rfdfuesa
argue charge capital foam mountain lumber frost juice grant initial guilt chest either forward memory miracle because bright,charge capital mountain frost lumber lumber chest argue juice grant foam initial guilt chest either forward memory miracle,Collision-aware ksmhse→rfdfuesa
argue capital foam charge mountain lumber frost juice grant initial guilt chest either forward memory miracle because bright,capital foam mountain frost lumber lumber chest argue juice grant charge initial guilt chest either forward memory miracle,Collision-aware ksmhse→rfdfuesa
argue charge lumber foam capital frost mountain juice grant initial guilt chest either forward memory miracle because bright,charge lumber capital mountain frost frost chest argue juice grant foam initial guilt chest either forward memory miracle,Collision-aware ksmhse→rfdfuesa
argue charge capital foam mountain lumber frost juice grant initial guilt chest either forward memory miracle because bright,charge capital mountain frost lumber lumber chest argue juice grant foam initial guilt chest either forward memory miracle,Collision-aware ksmhse→rfdfuesa
argue charge capital frost mountain foam lumber juice grant initial guilt chest either forward memory miracle because bright,charge capital mountain lumber foam foam chest argue juice grant frost initial guilt chest either forward memory miracle,Collision-aware ksmhse→rfdfuesa
argue charge capital frost foam mountain lumber juice grant initial guilt chest either forward memory miracle because bright,charge capital foam lumber mountain mountain chest argue juice grant frost initial guilt chest either forward memory miracle,Collision-aware ksmhse→rfdfuesa
argue charge capital frost lumber foam mountain juice grant initial guilt chest either forward memory miracle because bright,charge capital lumber mountain foam foam chest argue juice grant frost initial guilt chest either forward memory miracle,Collision-aware ksmhse→rfdfuesa
argue charge mountain frost foam lumber juice capital grant initial guilt chest either forward memory miracle because bright,charge mountain foam juice lumber lumber chest argue capital grant frost initial guilt chest either forward memory miracle,Collision-aware ksmhse→rfdfuesa
argue charge mountain foam lumber capital frost initial guilt grant juice chest either forward memory miracle because bright,charge mountain lumber frost capital capital chest argue initial guilt foam grant juice chest either forward memory miracle,Collision-aware ksmhse→rfdfuesa
argue charge mountain foam lumber capital frost guilt initial grant juice chest either forward memory miracle because bright,charge mountain lumber frost capital capital chest argue guilt initial foam grant juice chest either forward memory miracle,Collision-aware ksmhse→rfdfuesa
argue charge mountain foam lumber capital juice initial guilt frost grant chest either forward memory miracle because bright,charge mountain lumber juice capital capital chest argue initial guilt foam frost grant chest either forward memory miracle,Collision-aware ksmhse→rfdfuesa
argue charge mountain foam lumber capital initial frost grant guilt juice chest either forward memory miracle because bright,charge mountain lumber initial capital capital chest argue frost grant foam guilt juice chest either forward memory miracle,Collision-aware ksmhse→rfdfuesa
argue charge mountain foam lumber capital frost grant juice chest initial guilt either forward memory miracle because bright,charge mountain lumber frost capital capital guilt argue grant juice foam chest initial guilt either forward memory miracle,Collision-aware ksmhse→rfdfuesa
argue charge mountain foam lumber capital frost initial guilt grant juice chest either forward memory miracle because bright,charge mountain lumber frost capital capital chest argue initial guilt foam grant juice chest either forward memory miracle,Collision-aware ksmhse→rfdfuesa
argue charge mountain foam lumber capital frost guilt initial grant juice chest either forward memory miracle because bright,charge mountain lumber frost capital capital chest argue guilt initial foam grant juice chest either forward memory miracle,Collision-aware ksmhse→rfdfuesa
argue charge mountain foam lumber capital frost juice grant either initial guilt chest forward memory miracle because bright,charge mountain lumber frost capital capital guilt argue juice grant foam either initial guilt chest forward memory miracle,Collision-aware ksmhse→rfdfuesa
argue charge mountain foam lumber capital frost juice grant either guilt initial chest forward memory miracle because bright,charge mountain lumber frost capital capital initial argue juice grant foam either guilt initial chest forward memory miracle,Collision-aware ksmhse→rfdfuesa
argue charge mountain foam lumber capital frost juice grant either initial guilt chest forward memory miracle because bright,charge mountain lumber frost capital capital guilt argue juice grant foam either initial guilt chest forward memory miracle,Collision-aware ksmhse→rfdfuesa
argue charge mountain foam lumber capital frost juice grant either guilt initial chest forward memory miracle because bright,charge mountain lumber frost capital capital initial argue juice grant foam either guilt initial chest forward memory miracle,Collision-aware ksmhse→rfdfuesa
argue charge mountain foam lumber capital frost juice grant either guilt chest forward initial memory miracle because bright,charge mountain lumber frost capital capital chest argue juice grant foam either guilt chest forward initial memory miracle,Collision-aware ksmhse→rfdfuesa
argue charge mountain foam lumber capital frost juice grant initial guilt forward memory either chest miracle because bright,charge mountain lumber frost capital capital forward argue juice grant foam initial guilt forward memory either chest miracle,Collision-aware ksmhse→rfdfuesa
argue charge mountain foam lumber capital frost juice grant initial chest either memory forward guilt miracle because bright,charge mountain lumber frost capital capital either argue juice grant foam initial chest either memory forward guilt miracle,Collision-aware ksmhse→rfdfuesa
argue charge mountain foam lumber capital frost juice grant initial forward chest memory guilt either miracle because bright,charge mountain lumber frost capital capital chest argue juice grant foam initial forward chest memory guilt either miracle,Collision-aware ksmhse→rfdfuesa
argue charge mountain foam lumber capital frost juice grant initial guilt either miracle chest memory forward because bright,charge mountain lumber frost capital capital either argue juice grant foam initial guilt either miracle chest memory forward,Collision-aware ksmhse→rfdfuesa
argue charge mountain foam lumber capital frost juice grant initial guilt forward memory either chest miracle because bright,charge mountain lumber frost capital capital forward argue juice grant foam initial guilt forward memory either chest miracle,Collision-aware ksmhse→rfdfuesa
argue charge mountain foam lumber capital frost juice grant initial guilt miracle either memory forward chest because bright,charge mountain lumber frost capital capital miracle argue juice grant foam initial guilt miracle either memory forward chest,Collision-aware ksmhse→rfdfuesa
argue charge mountain foam lumber capital frost juice grant initial guilt chest either forward because memory miracle bright,charge mountain lumber frost capital capital chest argue juice grant foam initial guilt chest either forward because memory,Collision-aware ksmhse→rfdfuesa
argue charge mountain foam lumber capital frost juice grant initial guilt chest either forward because memory miracle bright,charge mountain lumber frost capital capital chest argue juice grant foam initial guilt chest either forward because memory,Collision-aware ksmhse→rfdfuesa
argue charge mountain foam lumber capital frost juice grant initial guilt chest either miracle forward memory bright because,charge mountain lumber frost capital capital chest argue juice grant foam initial guilt chest either miracle forward memory,Collision-aware ksmhse→rfdfuesa
argue charge mountain foam lumber capital frost juice grant initial guilt chest either because miracle memory bright forward,charge mountain lumber frost capital capital chest argue juice grant foam initial guilt chest either because miracle memory,Collision-aware ksmhse→rfdfuesa
bright miracle argue because memory initial frost guilt either lumber grant charge foam juice mountain forward capital chest,miracle argue memory frost initial initial charge bright guilt either because lumber grant charge foam juice mountain forward,Collision-aware ksmhse→rfdfuesa
bright miracle argue because memory initial frost either guilt grant charge foam juice lumber mountain forward capital chest,miracle argue memory frost initial initial foam bright either guilt because grant charge foam juice lumber mountain forward,Collision-aware ksmhse→rfdfuesa
because bright memory miracle argue initial frost either guilt grant lumber charge foam juice mountain forward capital chest,bright memory argue frost initial initial charge because either guilt miracle grant lumber charge foam juice mountain forward,Collision-aware ksmhse→rfdfuesa
memory miracle because bright argue initial frost either guilt grant lumber charge foam juice mountain forward capital chest,miracle because argue frost initial initial charge memory either guilt bright grant lumber charge foam juice mountain forward,Collision-aware ksmhse→rfdfuesa
bright initial argue miracle memory because frost either guilt grant lumber charge foam juice mountain forward capital chest,initial argue memory frost because because charge bright either guilt miracle grant lumber charge foam juice mountain forward,Collision-aware ksmhse→rfdfuesa
bright miracle frost argue because memory initial either guilt grant lumber charge foam juice mountain forward capital chest,miracle frost because initial memory memory charge bright either guilt argue grant lumber charge foam juice mountain forward,Collision-aware ksmhse→rfdfuesa
bright miracle argue memory frost initial either because guilt grant lumber charge foam juice mountain forward capital chest,miracle argue frost either initial initial charge bright because guilt memory grant lumber charge foam juice mountain forward,Collision-aware ksmhse→rfdfuesa
bright miracle argue initial either because frost memory guilt grant lumber charge foam juice mountain forward capital chest,miracle argue either frost because because charge bright memory guilt initial grant lumber charge foam juice mountain forward,Collision-aware ksmhse→rfdfuesa
bright miracle argue either memory because frost initial guilt grant lumber charge foam juice mountain forward capital chest,miracle argue memory frost because because charge bright initial guilt either grant lumber charge foam juice mountain forward,Collision-aware ksmhse→rfdfuesa
bright miracle argue because frost memory initial guilt either grant lumber charge foam juice mountain forward capital chest,miracle argue frost initial memory memory charge bright guilt either because grant lumber charge foam juice mountain forward,Collision-aware ksmhse→rfdfuesa
bright miracle argue because memory initial frost guilt either lumber grant charge foam juice mountain forward capital chest,miracle argue memory frost initial initial charge bright guilt either because lumber grant charge foam juice mountain forward,Collision-aware ksmhse→rfdfuesa
bright miracle argue because memory initial lumber grant either guilt frost charge foam juice mountain forward capital chest,miracle argue memory lumber initial initial charge bright grant either because guilt frost charge foam juice mountain forward,Collision-aware ksmhse→rfdfuesa
bright miracle argue because memory initial frost guilt either lumber grant charge foam juice mountain forward capital chest,miracle argue memory frost initial initial charge bright guilt either because lumber grant charge foam juice mountain forward,Collision-aware ksmhse→rfdfuesa
bright miracle argue because memory initial frost guilt grant charge either lumber foam juice mountain forward capital chest,miracle argue memory frost initial initial lumber bright guilt grant because charge either lumber foam juice mountain forward,Collision-aware ksmhse→rfdfuesa
bright miracle argue because memory initial frost either lumber foam guilt charge grant juice mountain forward capital chest,miracle argue memory frost initial initial charge bright either lumber because foam guilt charge grant juice mountain forward,Collision-aware ksmhse→rfdfuesa
bright miracle argue because memory initial frost either guilt grant charge foam juice lumber mountain forward capital chest,miracle argue memory frost initial initial foam bright either guilt because grant charge foam juice lumber mountain forward,Collision-aware ksmhse→rfdfuesa
bright miracle argue because memory initial frost either guilt grant charge foam juice lumber mountain forward capital chest,miracle argue memory frost initial initial foam bright either guilt because grant charge foam juice lumber mountain forward,Collision-aware ksmhse→rfdfuesa
bright miracle argue because memory initial frost either guilt grant foam lumber mountain juice charge forward capital chest,miracle argue memory frost initial initial lumber bright either guilt because grant foam lumber mountain juice charge forward,Collision-aware ksmhse→rfdfuesa
bright miracle argue because memory initial frost either guilt grant juice lumber mountain charge foam forward capital chest,miracle argue memory frost initial initial lumber bright either guilt because grant juice lumber mountain charge foam forward,Collision-aware ksmhse→rfdfuesa
bright miracle argue because memory initial frost either guilt grant lumber juice forward foam charge mountain capital chest,miracle argue memory frost initial initial juice bright either guilt because grant lumber juice forward foam charge mountain,Collision-aware ksmhse→rfdfuesa
bright miracle argue because memory initial frost either guilt grant lumber charge mountain foam forward capital juice chest,miracle argue memory frost initial initial charge bright either guilt because grant lumber charge mountain foam forward capital,Collision-aware ksmhse→rfdfuesa
bright miracle argue because memory initial frost either guilt grant lumber charge foam forward capital mountain chest juice,miracle argue memory frost initial initial charge bright either guilt because grant lumber charge foam forward capital mountain,Collision-aware ksmhse→rfdfuesa
bright miracle argue because memory initial frost either guilt grant lumber charge foam chest mountain capital forward juice,miracle argue memory frost initial initial charge bright either guilt because grant lumber charge foam chest mountain capital,Collision-aware ksmhse→rfdfuesa
bright miracle argue because memory initial frost either guilt grant lumber charge foam chest capital mountain forward juice,miracle argue memory frost initial initial charge bright either guilt because grant lumber charge foam chest capital mountain,Collision-aware ksmhse→rfdfuesa
